"","APSWCI_Original","Produtividade_norm","COS","ARQ","STAND","APSWCI_NoYield","APSWCI_NoCOS"
"APSWCI_Original",1,0.523326809384927,0.188227784606602,0.716796498170642,0.753835489203816,0.87172549154335,0.966198569633102
"Produtividade_norm",0.523326809384927,1,0.229711538627289,0.760942485129088,0.0470484561437996,0.197141523008469,0.556305039896157
"COS",0.188227784606602,0.229711538627289,1,0.231364564723396,-0.124396232360546,0.0720068406283138,0.15544915583139
"ARQ",0.716796498170642,0.760942485129088,0.231364564723396,1,0.348537790849119,0.499444958030255,0.716618183228804
"STAND",0.753835489203816,0.0470484561437996,-0.124396232360546,0.348537790849119,1,0.915964805684097,0.738159889054714
"APSWCI_NoYield",0.87172549154335,0.197141523008469,0.0720068406283138,0.499444958030255,0.915964805684097,1,0.818727361810835
"APSWCI_NoCOS",0.966198569633102,0.556305039896157,0.15544915583139,0.716618183228804,0.738159889054714,0.818727361810835,1
