"From","To","Coef"
"FISICO","REND",-0.132403537414959
"QUIMICO","REND",0.0857394447397742
"MICRO","REND",-0.177158893444594
"AGRO","REND",0.619606186406331
