"Construct","REND"
"R^2",0.689599625186094
"AdjR^2",0.677545241698175
"FISICO",-0.122089844611619
"QUIMICO",0.0974291217534901
"MICRO",0.17535387780661
"AGRO",0.621789993170894
